Backend,Problem Size,Condition Number,Sparsity,Number of Qubits,Circuit Depth,Total Gates,Two-Qubit Gates,Iteration Runtime,||x_c - x_q|| without IR,||x_c - x_q|| with IR,||Ax - b|| without IR,||Ax - b|| with IR,Total Iterations of IR,Residuals List,Errors List
H1-1E,2 x 2,5.9988184214086875,0.5,3,23,36,3,,0.7508375600636402,1.9726696226273854,0.42787370604440944,0.22750270118583618,5,"[0.42787370604440944, 0.24997949704928119, 0.2364881734907303, 0.23114771687073635, 0.22924118919749004, 0.22750270118583618]","[2.720622487438802, 2.135950277772584, 2.0330945607903628, 2.0036127284252925, 1.9877276856742159, 1.9726696226273854]"
