Backend,Problem Size,Condition Number,Sparsity,Number of Qubits,Circuit Depth,Total Gates,Two-Qubit Gates,Iteration Runtime,||x_c - x_q|| without IR,||x_c - x_q|| with IR,||Ax - b|| without IR,||Ax - b|| with IR,Total Iterations of IR,Residuals List,Errors List
H1-1E,2 x 2,1.2580645161290318,0.5,3,22,35,3,,0.6915017193214709,0.004992306801613822,0.6385827223988745,0.003893999305258782,5,"[0.6385827223988745, 0.11700073990357428, 0.04595378852397926, 0.020894841735668267, 0.009759641194230237, 0.003893999305258782]","[0.8831472294735021, 0.17208754467355308, 0.07176842920341661, 0.031188708140357957, 0.015273079271529573, 0.004992306801613822]"
