Backend,Problem Size,Condition Number,Sparsity,Number of Qubits,Circuit Depth,Total Gates,Two-Qubit Gates,Iteration Runtime,||x_c - x_q|| without IR,||x_c - x_q|| with IR,||Ax - b|| without IR,||Ax - b|| with IR,Total Iterations of IR,Residuals List,Errors List
H1-1E,16 x 16,1.9130613347826917,0.7421875,6,2224,2901,1220,,1.3506441398221394,0.37176499178878963,0.30072969464463467,0.10077876639630695,8,"[0.30072969464463467, 0.23167979841908526, 0.19753931238887748, 0.14515284732433378, 0.12890838272379657, 0.12805694235013948, 0.12392724604602777, 0.11496058155688588, 0.10077876639630695]","[1.3506441398221394, 0.8782126787026332, 0.7312480132509566, 0.5526743312208504, 0.470467904662819, 0.46081522828737187, 0.44888549288450974, 0.4148457660341092, 0.37176499178878963]"
