Backend,Problem Size,Condition Number,Sparsity,Number of Qubits,Circuit Depth,Total Gates,Two-Qubit Gates,Iteration Runtime,||x_c - x_q|| without IR,||x_c - x_q|| with IR,||Ax - b|| without IR,||Ax - b|| with IR,Total Iterations of IR,Residuals List,Errors List
H1-1E,8 x 8,2.0068165236628475,0.71875,8,1721,2345,963,,0.8754897368001812,0.0749898116250831,0.24700173899110234,0.02571162192397124,8,"[0.24700173899110234, 0.15043856923729063, 0.12737564601057913, 0.11929287960143099, 0.06994505275665314, 0.059846906291013045, 0.03548961953896037, 0.027882933368150255, 0.02571162192397124]","[0.8754897368001812, 0.41598062608430764, 0.3323864225109023, 0.3381214422981644, 0.2268731318933853, 0.18074426221198708, 0.10613150419562482, 0.08276962227643843, 0.0749898116250831]"
