Backend,Problem Size,Condition Number,Sparsity,Number of Qubits,Circuit Depth,Total Gates,Two-Qubit Gates,Iteration Runtime,||x_c - x_q|| without IR,||x_c - x_q|| with IR,||Ax - b|| without IR,||Ax - b|| with IR,Total Iterations of IR,Residuals List,Errors List
H1-1E,16 x 16,1.9130613347826917,0.7421875,6,2224,2901,1220,,0.8151594687577295,0.661861613932133,0.2839216465199704,0.09007340271957533,8,"[0.2839216465199704, 0.22775066192344684, 0.1866121068327018, 0.13578948650753112, 0.1210499380851829, 0.11437314714322887, 0.10687114114620892, 0.09235112257095826, 0.09007340271957533]","[0.8151594687577295, 0.6666577941153385, 0.5971980678635622, 0.5526007240796751, 0.5014415018252852, 0.5388266363242231, 0.5752050624748762, 0.6512032002742414, 0.661861613932133]"
