Backend,Problem Size,Condition Number,Sparsity,Number of Qubits,Circuit Depth,Total Gates,Two-Qubit Gates,Iteration Runtime,||x_c - x_q|| without IR,||x_c - x_q|| with IR,||Ax - b|| without IR,||Ax - b|| with IR,Total Iterations of IR,Residuals List,Errors List
H1-1E,2 x 2,1.2580645161290318,0.5,6,43,101,24,,0.9268130626007671,1.819669249037628e-06,0.7101355152211488,1.3795236959725139e-06,5,"[0.7101355152211488, 0.003953400014360162, 0.0018076072540657438, 0.0006521880401100698, 8.457092137265731e-05, 1.3795236959725139e-06]","[0.9268130626007671, 0.006299649069381224, 0.0026020860667407397, 0.0008844967452938563, 0.00013360080312279518, 1.819669249037628e-06]"
