Backend,Problem Size,Condition Number,Sparsity,Number of Qubits,Circuit Depth,Total Gates,Two-Qubit Gates,Iteration Runtime,||x_c - x_q|| without IR,||x_c - x_q|| with IR,||Ax - b|| without IR,||Ax - b|| with IR,Total Iterations of IR,Residuals List,Errors List
H1-1E,2 x 2,1.872340425531915,0.5,3,23,36,3,,0.4856905667344311,0.0007901452689883606,0.3576737121833548,0.0003742511251179894,5,"[0.3576737121833548, 0.07426819054684433, 0.04512502809269437, 0.012998461021094131, 0.010069204589877093, 0.0003742511251179894]","[0.4856905667344311, 0.13669834234342731, 0.09330521654711703, 0.019487106705437074, 0.011613394385578733, 0.0007901452689883606]"
