Backend,Problem Size,Condition Number,Sparsity,Number of Qubits,Circuit Depth,Total Gates,Two-Qubit Gates,Iteration Runtime,||x_c - x_q|| without IR,||x_c - x_q|| with IR,||Ax - b|| without IR,||Ax - b|| with IR,Total Iterations of IR,Residuals List,Errors List
H1-1E,4 x 4,2.173756868080032,0.625,5,192,294,91,,0.7732782935378584,0.4680663406105765,0.4221307967432669,0.283026760402668,5,"[0.4221307967432669, 0.30871831633135643, 0.28902503067007157, 0.28881430011689196, 0.28881426439117236, 0.283026760402668]","[0.7732782935378584, 0.4847486458494074, 0.4663443077079972, 0.4671209710013097, 0.46713900413882503, 0.4680663406105765]"
