Backend,Problem Size,Condition Number,Sparsity,Number of Qubits,Circuit Depth,Total Gates,Two-Qubit Gates,Iteration Runtime,||x_c - x_q|| without IR,||x_c - x_q|| with IR,||Ax - b|| without IR,||Ax - b|| with IR,Total Iterations of IR,Residuals List,Errors List
H1-1E,2 x 2,1.2580645161290318,0.5,5,36,76,15,,0.8749542245442371,0.0001291450922660115,0.6217332333329683,0.00010019886500225138,7,"[0.6217332333329683, 0.13513935640550903, 0.06589416787010954, 0.01590691666877087, 0.0022771826285448997, 0.0004226920644948048, 0.00027662763076068006, 0.00010019886500225138]","[0.8749542245442371, 0.21132340852754955, 0.09894060931522894, 0.023709610587446115, 0.0031345416127739455, 0.0006667730929501211, 0.0004264038574558811, 0.0001291450922660115]"
