Backend,Problem Size,Condition Number,Sparsity,Number of Qubits,Circuit Depth,Total Gates,Two-Qubit Gates,Iteration Runtime,||x_c - x_q|| without IR,||x_c - x_q|| with IR,||Ax - b|| without IR,||Ax - b|| with IR,Total Iterations of IR,Residuals List,Errors List
H1-1E,2 x 2,1.2580645161290318,0.5,3,22,35,3,,0.9305381578509169,1.9069322992269149,0.6978466906856855,3.9277916020284955,5,"[0.6978466906856855, 1.238132960847388, 1.7822542064180122, 2.550043561235592, 3.161313884242148, 3.9277916020284955]","[0.930538157850917, 1.9743899272466665, 0.5823716140340851, 1.9040398705535575, 0.5923331828596906, 1.9069322992269149]"
