Backend,Problem Size,Condition Number,Sparsity,Number of Qubits,Circuit Depth,Total Gates,Two-Qubit Gates,Iteration Runtime,||x_c - x_q|| without IR,||x_c - x_q|| with IR,||Ax - b|| without IR,||Ax - b|| with IR,Total Iterations of IR,Residuals List,Errors List
H1-1E,2 x 2,3.1666666666666665,0.5,3,22,35,3,,0.00017663900214708188,0.020964949469905795,0.3936814381607543,0.006524471875817972,5,"[0.3936814381607543, 0.03246553829577764, 0.01737736048564833, 0.007509871865807873, 0.006796954133883884, 0.006524471875817972]","[0.5083804968687089, 0.10324499492073475, 0.04633778359043784, 0.022904565076571043, 0.02265651377961292, 0.020964949469905795]"
