Backend,Problem Size,Condition Number,Sparsity,Number of Qubits,Circuit Depth,Total Gates,Two-Qubit Gates,Iteration Runtime,||x_c - x_q|| without IR,||x_c - x_q|| with IR,||Ax - b|| without IR,||Ax - b|| with IR,Total Iterations of IR,Residuals List,Errors List
H1-1E,2 x 2,5.9960708834101535,0.5,3,22,35,3,,0.09249212051369463,0.000962612815628372,0.019565168767907485,0.0009494986110529791,5,"[0.019565168767907485, 0.014052206103671607, 0.01176827775488611, 0.0009494986110529791, 0.0009494986110529791, 0.0009494986110529791]","[0.11468092081363643, 0.07537833498620888, 0.07131130015928784, 0.000962612815628372, 0.000962612815628372, 0.000962612815628372]"
