Backend,Problem Size,Condition Number,Sparsity,Number of Qubits,Circuit Depth,Total Gates,Two-Qubit Gates,Iteration Runtime,||x_c - x_q|| without IR,||x_c - x_q|| with IR,||Ax - b|| without IR,||Ax - b|| with IR,Total Iterations of IR,Residuals List,Errors List
H1-1E,16 x 16,1.9130613347826917,0.7421875,8,6540,8534,3616,0 days 00:00:41.286356,0.8165425237513675,0.46776153328981074,0.2876218929790666,0.11366452199313869,8,"[0.2876218929790666, 0.20917889372039425, 0.17518722498811476, 0.1350166374587361, 0.12896185705295465, 0.11860370966461356, 0.11633788855198894, 0.11473113730964532, 0.11366452199313869]","[0.8165425237513675, 0.47846521098041955, 0.5741726424835313, 0.44894572444522524, 0.48828590302882874, 0.4553737957521001, 0.4700640185926467, 0.45354016716458334, 0.46776153328981074]"
