Backend,Problem Size,Condition Number,Sparsity,Number of Qubits,Circuit Depth,Total Gates,Two-Qubit Gates,Iteration Runtime,||x_c - x_q|| without IR,||x_c - x_q|| with IR,||Ax - b|| without IR,||Ax - b|| with IR,Total Iterations of IR,Residuals List,Errors List
H1-1E,16 x 16,1.9130613347826917,0.7421875,8,6540,8534,3616,0 days 00:00:28.248501,1.2461803872426227,0.3933456027345463,0.2877626003228592,0.09297390811061226,8,"[0.2877626003228592, 0.2067016594075072, 0.13487585132064797, 0.11545751616449182, 0.10457084939979958, 0.0980758518350678, 0.09392098195733427, 0.09351919202976662, 0.09297390811061226]","[1.2461803872426227, 0.8543366997284568, 0.6041463010153477, 0.4602885010294385, 0.4221692840529335, 0.4010550668963107, 0.3883833744335275, 0.38551695900192245, 0.3933456027345463]"
