Backend,Problem Size,Condition Number,Sparsity,Number of Qubits,Circuit Depth,Total Gates,Two-Qubit Gates,Iteration Runtime,||x_c - x_q|| without IR,||x_c - x_q|| with IR,||Ax - b|| without IR,||Ax - b|| with IR,Total Iterations of IR,Residuals List,Errors List
H1-1E,2 x 2,5.9988184214086875,0.5,3,23,36,3,,0.7304194114030654,1.9313288135343079,0.43026540830799215,0.22281802842166937,5,"[0.43026540830799215, 0.2454144962947971, 0.23178544371588689, 0.2266531957268904, 0.22478836152920434, 0.22281802842166937]","[2.7019476328320713, 2.095644727887838, 1.9922653450749084, 1.9650882248284858, 1.948717424789067, 1.9313288135343079]"
