Backend,Problem Size,Condition Number,Sparsity,Number of Qubits,Circuit Depth,Total Gates,Two-Qubit Gates,Iteration Runtime,||x_c - x_q|| without IR,||x_c - x_q|| with IR,||Ax - b|| without IR,||Ax - b|| with IR,Total Iterations of IR,Residuals List,Errors List
H1-1E,8 x 8,2.0068165236628475,0.71875,10,2566,3511,1449,,0.8909529529685648,0.04434429908899558,0.25683874933227835,0.016779718259460456,8,"[0.25683874933227835, 0.18041429680470153, 0.17346367059071358, 0.15761705249732935, 0.04512081690063956, 0.020505615360380227, 0.019188482206266722, 0.01798339347025451, 0.016779718259460456]","[0.8909529529685648, 0.49910751184379926, 0.44516104141390095, 0.4263288331027033, 0.14953089206242773, 0.057202089859938625, 0.05051817360206353, 0.04517679813939149, 0.04434429908899558]"
