Backend,Problem Size,Condition Number,Sparsity,Number of Qubits,Circuit Depth,Total Gates,Two-Qubit Gates,Iteration Runtime,||x_c - x_q|| without IR,||x_c - x_q|| with IR,||Ax - b|| without IR,||Ax - b|| with IR,Total Iterations of IR,Residuals List,Errors List
H1-1E,2 x 2,1.2580645161290318,0.5,3,22,35,3,,0.5603611650804563,1.9080111020307513,0.6063246746890262,4.120222184366618,5,"[0.6063246746890262, 1.3863188076508155, 1.9796711048963465, 2.7439071946027593, 3.354326559645056, 4.120222184366618]","[0.5603611650804564, 1.8385046429390517, 0.5845434498887552, 1.9121830037007421, 0.5949751646091471, 1.9080111020307513]"
