Backend,Problem Size,Condition Number,Sparsity,Number of Qubits,Circuit Depth,Total Gates,Two-Qubit Gates,Iteration Runtime,||x_c - x_q|| without IR,||x_c - x_q|| with IR,||Ax - b|| without IR,||Ax - b|| with IR,Total Iterations of IR,Residuals List,Errors List
H1-1E,2 x 2,3.1666666666666665,0.5,3,22,35,3,,0.03456734818982551,0.06705213222968655,0.4110321705025866,0.01163264931283725,5,"[0.4110321705025866, 0.06483950770713841, 0.0442731801430499, 0.027976214311702052, 0.015767182226748035, 0.01163264931283725]","[0.03456734818982551, 0.4202711644094932, 0.23020877361316092, 0.16415537970192448, 0.06669581678861335, 0.06705213222968655]"
