Backend,Problem Size,Condition Number,Sparsity,Number of Qubits,Circuit Depth,Total Gates,Two-Qubit Gates,Iteration Runtime,||x_c - x_q|| without IR,||x_c - x_q|| with IR,||Ax - b|| without IR,||Ax - b|| with IR,Total Iterations of IR,Residuals List,Errors List
H1-1E,16 x 16,1.9130613347826917,0.7421875,7,4387,5721,2417,,1.2830280296924559,0.24751509399410898,0.2977656084542065,0.061593529604350446,8,"[0.2977656084542065, 0.1937452694301906, 0.14939367266276812, 0.10989233937624658, 0.08094968314390799, 0.07257634266685933, 0.0653632635826795, 0.06254512745999605, 0.061593529604350446]","[1.2830280296924559, 0.7886566239164403, 0.5726382998184091, 0.4528889478141009, 0.3209351625672994, 0.29243798254792763, 0.26612248453357573, 0.25304676548328725, 0.24751509399410898]"
