Backend,Problem Size,Condition Number,Sparsity,Number of Qubits,Circuit Depth,Total Gates,Two-Qubit Gates,Iteration Runtime,||x_c - x_q|| without IR,||x_c - x_q|| with IR,||Ax - b|| without IR,||Ax - b|| with IR,Total Iterations of IR,Residuals List,Errors List
H1-1E (Noisy),2 x 2,1.872340425531915,0.5,4,30,55,8,,0.5293392108082293,0.008503092274494037,0.2862512442666359,0.004109355682912355,5,"[0.2862512442666359, 0.09689986455191146, 0.024897253894110977, 0.006835277759052256, 0.004704315980482036, 0.004109355682912355]","[0.5293392108082293, 0.18111844258162196, 0.04419493984711632, 0.012875622103987459, 0.009822437808486862, 0.008503092274494037]"
