Backend,Problem Size,Condition Number,Sparsity,Number of Qubits,Circuit Depth,Total Gates,Two-Qubit Gates,Iteration Runtime,||x_c - x_q|| without IR,||x_c - x_q|| with IR,||Ax - b|| without IR,||Ax - b|| with IR,Total Iterations of IR,Residuals List,Errors List
H1-1E,2 x 2,1.872340425531915,0.5,3,23,36,3,,0.0316324437840809,0.00011048587262248116,0.3828949049210654,5.671801333667912e-05,5,"[0.3828949049210654, 0.032886548030132745, 0.0258241318304609, 0.00040321136968021634, 0.0001197806471329995, 5.671801333667912e-05]","[0.4852549676266332, 0.06600939568098961, 0.05358628381084884, 0.0005001464340632544, 0.00022568627726490405, 0.00011048587262248116]"
