Backend,Problem Size,Condition Number,Sparsity,Number of Qubits,Circuit Depth,Total Gates,Two-Qubit Gates,Iteration Runtime,||x_c - x_q|| without IR,||x_c - x_q|| with IR,||Ax - b|| without IR,||Ax - b|| with IR,Total Iterations of IR,Residuals List,Errors List
H1-1E,2 x 2,1.2580645161290318,0.5,7,50,126,35,0 days 00:00:31.543747,0.9049867963791173,7.163397847062566e-05,0.6778676517516876,4.447727156075672e-05,7,"[0.6778676517516876, 0.04948910160881505, 0.00972065347604043, 0.005792484089374811, 0.00013976126796191513, 8.309413444439063e-05, 5.089551703839818e-05, 4.447727156075672e-05]","[0.9049867963791173, 0.0783775704736006, 0.013314180493066407, 0.007773717975645919, 0.00021771181520706295, 0.00012838700454441456, 7.954879671679173e-05, 7.163397847062566e-05]"
