Backend,Problem Size,Condition Number,Sparsity,Number of Qubits,Circuit Depth,Total Gates,Two-Qubit Gates,Iteration Runtime,||x_c - x_q|| without IR,||x_c - x_q|| with IR,||Ax - b|| without IR,||Ax - b|| with IR,Total Iterations of IR,Residuals List,Errors List
H1-1E,2 x 2,3.1666666666666665,0.5,3,22,35,3,,0.04804619593089267,1.852159074379061,0.368942471217717,0.0016466025377800592,5,"[0.368942471217717, 0.04348035874407424, 0.014606374148027698, 0.005437369219754938, 0.0052887108087965795, 0.0016466025377800592]","[0.04804619593089267, 1.9934046054790107, 1.710417621083418, 1.9824622520237796, 0.9394269489499241, 1.852159074379061]"
