Backend,Problem Size,Condition Number,Sparsity,Number of Qubits,Circuit Depth,Total Gates,Two-Qubit Gates,Iteration Runtime,||x_c - x_q|| without IR,||x_c - x_q|| with IR,||Ax - b|| without IR,||Ax - b|| with IR,Total Iterations of IR,Residuals List,Errors List
H1-1E,2 x 2,5.9960708834101535,0.5,3,22,35,3,,0.0071760919738014925,0.06635868704683509,0.04500053931859513,0.7325463558766909,5,"[0.04500053931859513, 0.35709714675432563, 0.3421332087922002, 1.8143140584555988, 0.822854000409683, 0.7325463558766909]","[0.0071760919738014925, 0.4459767615271937, 1.4422168642724253, 1.6399098128412244, NaN, 0.06635868704683509]"
