Backend,Problem Size,Condition Number,Sparsity,Number of Qubits,Circuit Depth,Total Gates,Two-Qubit Gates,Iteration Runtime,||x_c - x_q|| without IR,||x_c - x_q|| with IR,||Ax - b|| without IR,||Ax - b|| with IR,Total Iterations of IR,Residuals List,Errors List
H1-1E,16 x 16,1.9130613347826917,0.7421875,7,4387,5721,2417,0 days 00:01:01.703231,0.7832054087682276,0.5238881969834038,0.28537776202165455,0.06993130559313968,8,"[0.28537776202165455, 0.16669564238921977, 0.10703352404427934, 0.07857426434487835, 0.0732540402209934, 0.0705299950079876, 0.06994557178064634, 0.0699442526073295, 0.06993130559313968]","[0.7832054087682276, 0.4720182655383883, 0.4535513278399961, 0.5052551252926208, 0.5102996678189405, 0.5320214077443685, 0.52318317608853, 0.5228040899929554, 0.5238881969834038]"
