{
  "problem_name": "problem_2x2_0.1_2_1",
  "size": 2,
  "sparsity": 0.1,
  "condition_number": 2,
  "instance_num": 1,
  "seed": 2152961691,
  "actual_condition_number": 3.803561471729915,
  "actual_sparsity": 0.0,
  "generation_timestamp": "2025-08-26T17:28:17.518427"
}