{
  "problem_name": "problem_8x8_0.7_20_4",
  "size": 8,
  "sparsity": 0.7,
  "condition_number": 20,
  "instance_num": 4,
  "seed": 2872587690,
  "actual_condition_number": 38.587642119610756,
  "actual_sparsity": 0.65625,
  "generation_timestamp": "2025-08-26T17:28:17.536713"
}