{
  "problem_name": "problem_4x4_0.3_5_2",
  "size": 4,
  "sparsity": 0.3,
  "condition_number": 5,
  "instance_num": 2,
  "seed": 4251388554,
  "actual_condition_number": 8.03520573636564,
  "actual_sparsity": 0.25,
  "generation_timestamp": "2025-08-26T17:28:17.532222"
}