{
  "problem_name": "problem_8x8_0.9_50_5",
  "size": 8,
  "sparsity": 0.9,
  "condition_number": 50,
  "instance_num": 5,
  "seed": 4001529671,
  "actual_condition_number": 100.93875997882535,
  "actual_sparsity": 0.78125,
  "generation_timestamp": "2025-08-26T17:28:17.537284"
}