{
  "problem_name": "problem_4x4_0.5_10_3",
  "size": 4,
  "sparsity": 0.5,
  "condition_number": 10,
  "instance_num": 3,
  "seed": 843042332,
  "actual_condition_number": 15.643603491798785,
  "actual_sparsity": 0.375,
  "generation_timestamp": "2025-08-26T17:28:17.532719"
}