{
  "problem_name": "problem_4x4_0.1_2_1",
  "size": 4,
  "sparsity": 0.1,
  "condition_number": 2,
  "instance_num": 1,
  "seed": 790151807,
  "actual_condition_number": 4.709261925802308,
  "actual_sparsity": 0.25,
  "generation_timestamp": "2025-08-26T17:28:17.531525"
}