{
  "problem_name": "problem_8x8_0.5_10_3",
  "size": 8,
  "sparsity": 0.5,
  "condition_number": 10,
  "instance_num": 3,
  "seed": 920615076,
  "actual_condition_number": 18.971453221897026,
  "actual_sparsity": 0.5,
  "generation_timestamp": "2025-08-26T17:28:17.535945"
}