{
  "problem_name": "problem_2x2_0.5_10_3",
  "size": 2,
  "sparsity": 0.5,
  "condition_number": 10,
  "instance_num": 3,
  "seed": 3784305344,
  "actual_condition_number": 20.924140965275953,
  "actual_sparsity": 0.0,
  "generation_timestamp": "2025-08-26T17:28:17.519473"
}