{
  "problem_name": "problem_2x2_0.3_5_2",
  "size": 2,
  "sparsity": 0.3,
  "condition_number": 5,
  "instance_num": 2,
  "seed": 3402358205,
  "actual_condition_number": 5.997070700686978,
  "actual_sparsity": 0.5,
  "generation_timestamp": "2025-08-26T17:28:17.519019"
}