{
  "problem_name": "problem_8x8_0.3_5_2",
  "size": 8,
  "sparsity": 0.3,
  "condition_number": 5,
  "instance_num": 2,
  "seed": 3835096104,
  "actual_condition_number": 7.881102690228542,
  "actual_sparsity": 0.34375,
  "generation_timestamp": "2025-08-26T17:28:17.535383"
}