{
  "problem_name": "problem_2x2_0.9_50_5",
  "size": 2,
  "sparsity": 0.9,
  "condition_number": 50,
  "instance_num": 5,
  "seed": 66568467,
  "actual_condition_number": 31.38151236474697,
  "actual_sparsity": 0.5,
  "generation_timestamp": "2025-08-26T17:28:17.520430"
}