Backend,Problem Size,Condition Number,Sparsity,Number of Qubits,Circuit Depth,Total Gates,Two-Qubit Gates,Iteration Runtime,||x_c - x_q|| without IR,||x_c - x_q|| with IR,||Ax - b|| without IR,||Ax - b|| with IR,Total Iterations of IR,Residuals List,Errors List
H1-1E (Noisy),8 x 8,2.23257051874126,0.75,12,3393,4619,1929,0 days 00:00:32.088473,0.5072368788396953,0.000809701939425341,0.17286962692519756,0.00028739430129524196,10,"[0.17286962692519756, 0.0898719671892315, 0.03386267121715545, 0.02518602626406738, 0.008315990841708492, 0.0060434359435041435, 0.0028254645972867164, 0.0021310717939367944, 0.0011028621257059086, 0.0006861425581854906, 0.00028739430129524196]","[0.5072368788396953, 0.2468956104818243, 0.09904878012838426, 0.06955694725148605, 0.0261411680510114, 0.017913398834308834, 0.008410003690954347, 0.006127277798888178, 0.003376362370221058, 0.0021881737930454603, 0.000809701939425341]"
