Backend,Problem Size,Condition Number,Sparsity,Number of Qubits,Circuit Depth,Total Gates,Two-Qubit Gates,Iteration Runtime,||x_c - x_q|| without IR,||x_c - x_q|| with IR,||Ax - b|| without IR,||Ax - b|| with IR,Total Iterations of IR,Residuals List,Errors List
H1-1E (Noisy),8 x 8,2.23257051874126,0.75,12,3406,4633,1929,0 days 00:00:09.270653,0.5286990706458142,0.004101639873818614,0.17300441479007533,0.0011031748379656276,10,"[0.17300441479007533, 0.07708914302900596, 0.026168852775468602, 0.01844735240757739, 0.00907191974839082, 0.006251692250692664, 0.004066038450568841, 0.0032764735461506362, 0.0020640831553771152, 0.001587666667183893, 0.0011031748379656276]","[0.5286990706458142, 0.21882027863841513, 0.09195854875895114, 0.05771440736452364, 0.03366534164861544, 0.021689255084117794, 0.013885678799072106, 0.011167307586368786, 0.007869675450781396, 0.005534679222742889, 0.004101639873818614]"
