Backend,Problem Size,Condition Number,Sparsity,Number of Qubits,Circuit Depth,Total Gates,Two-Qubit Gates,||x_c - x_q|| without IR,||x_c - x_q|| with IR,||Ax - b|| without IR,||Ax - b|| with IR,Total Iterations of IR,Residuals List,Errors List
H1-1E,2 x 2,1.872340425531915,0.5,3,23,36,3,0.4847238456358506,0.0251681477562509,0.3724488301424909,0.014903203131112324,2,"[0.3724488301424909, 0.06442324320928802, 0.014903203131112324]","[0.4847238456358506, 0.12371820372983262, 0.0251681477562509]"
