Backend,Problem Size,Condition Number,Sparsity,Number of Qubits,Circuit Depth,Total Gates,Two-Qubit Gates,Iteration Runtime,||x_c - x_q|| without IR,||x_c - x_q|| with IR,||Ax - b|| without IR,||Ax - b|| with IR,Total Iterations of IR,Residuals List,Errors List
H1-1E,8 x 8,2.23257051874126,0.75,7,1287,1740,714,,0.5547547182298147,0.031299425989173776,0.16984992993839237,0.008765199660519024,10,"[0.16984992993839237, 0.06588302023911857, 0.04768901771561358, 0.020323737029290436, 0.01628500900612638, 0.014429647136055853, 0.012774693931821568, 0.01184474293633991, 0.009988836490800526, 0.009214027881577306, 0.008765199660519024]","[0.5547547182298147, 0.2330345102822526, 0.1667054178323333, 0.07378309062667521, 0.06053049927057216, 0.05292299136989575, 0.0473269078369687, 0.042450196443241384, 0.03689336776112964, 0.0333846748131059, 0.031299425989173776]"
