Backend,Problem Size,Condition Number,Sparsity,Number of Qubits,Circuit Depth,Total Gates,Two-Qubit Gates,Iteration Runtime,||x_c - x_q|| without IR,||x_c - x_q|| with IR,||Ax - b|| without IR,||Ax - b|| with IR,Total Iterations of IR,Residuals List,Errors List
H1-1E,8 x 8,2.0068165236628475,0.71875,6,861,1169,477,0 days 00:00:31.509509,0.7257250320124727,0.396935834507822,0.21400531954101012,0.1396347928975885,8,"[0.21400531954101012, 0.15840532705551666, 0.14965034987330378, 0.14911804713905025, 0.148988469282331, 0.14862382723093664, 0.14861904390211167, 0.14742002171609095, 0.1396347928975885]","[0.7257250320124727, 0.45475184425132353, 0.4159469184478879, 0.4143854831991382, 0.410018109082597, 0.40218534418882274, 0.40236448724213775, 0.3966591358124545, 0.396935834507822]"
