Backend,Problem Size,Condition Number,Sparsity,Number of Qubits,Circuit Depth,Total Gates,Two-Qubit Gates,Iteration Runtime,||x_c - x_q|| without IR,||x_c - x_q|| with IR,||Ax - b|| without IR,||Ax - b|| with IR,Total Iterations of IR,Residuals List,Errors List
H1-1E,2 x 2,5.9960708834101535,0.5,3,22,35,3,,0.21645530768844595,0.08494431208096238,0.0761225531135374,0.014494342924729117,5,"[0.0761225531135374, 0.030594362044561993, 0.02893846135351194, 0.01904918594223412, 0.015217517212738457, 0.014494342924729117]","[0.23213746406619049, 0.18529780774547747, 0.1708649994202998, 0.09564269408954547, 0.09244480397996944, 0.08494431208096238]"
