Backend,Problem Size,Condition Number,Sparsity,Number of Qubits,Circuit Depth,Total Gates,Two-Qubit Gates,Iteration Runtime,||x_c - x_q|| without IR,||x_c - x_q|| with IR,||Ax - b|| without IR,||Ax - b|| with IR,Total Iterations of IR,Residuals List,Errors List
H1-1E,8 x 8,2.0068165236628475,0.71875,5,454,616,246,,0.7230210696878021,0.11407475283483412,0.23164805890389256,0.03899122907606861,8,"[0.23164805890389256, 0.19576261243626727, 0.09326286460046068, 0.06087858011292877, 0.050958759513630714, 0.049532763136822554, 0.04662698031002432, 0.0424540646637481, 0.03899122907606861]","[0.7230210696878021, 0.5236848018368491, 0.2822263481314297, 0.17689502718247807, 0.1452999583618293, 0.14348973869800327, 0.1323492322466516, 0.12522339488652276, 0.11407475283483412]"
