Backend,Problem Size,Condition Number,Sparsity,Number of Qubits,Circuit Depth,Total Gates,Two-Qubit Gates,Iteration Runtime,||x_c - x_q|| without IR,||x_c - x_q|| with IR,||Ax - b|| without IR,||Ax - b|| with IR,Total Iterations of IR,Residuals List,Errors List
H1-1E,4 x 4,2.0789891692425377,0.5,11,634,1019,376,0 days 00:00:28.281844,0.2585664933869948,0.0006218930794008175,0.15134415028529943,0.00021682037917101384,8,"[0.15134415028529943, 0.0504055217994096, 0.03663621460435818, 0.014891297813238296, 0.003409271887153851, 0.0012712363408372465, 0.0005399307126251517, 0.00040657577323003236, 0.00021682037917101384]","[0.2585664933869948, 0.12750384123921074, 0.07223874674629954, 0.03903222040782614, 0.008534344798669312, 0.0035135466423660473, 0.001317274938023417, 0.0009237089138855899, 0.0006218930794008175]"
