Backend,Problem Size,Condition Number,Sparsity,Number of Qubits,Circuit Depth,Total Gates,Two-Qubit Gates,Iteration Runtime,||x_c - x_q|| without IR,||x_c - x_q|| with IR,||Ax - b|| without IR,||Ax - b|| with IR,Total Iterations of IR,Residuals List,Errors List
H1-1E,2 x 2,5.9960708834101535,0.5,3,22,35,3,,0.10482238934149266,0.11961158940765348,0.11814623788752036,0.11798205484545643,5,"[0.11814623788752036, 0.11798205484545643, 0.11798205484545643, 0.11798205484545643, 0.11798205484545643, 0.11798205484545643]","[0.12545728632237507, 0.11961158940765348, 0.11961158940765348, 0.11961158940765348, 0.11961158940765348, 0.11961158940765348]"
