Backend,Problem Size,Condition Number,Sparsity,Number of Qubits,Circuit Depth,Total Gates,Two-Qubit Gates,Iteration Runtime,||x_c - x_q|| without IR,||x_c - x_q|| with IR,||Ax - b|| without IR,||Ax - b|| with IR,Total Iterations of IR,Residuals List,Errors List
H1-1E,8 x 8,2.0068165236628475,0.71875,12,3433,4714,1955,0 days 00:00:32.572022,0.8620008522774834,0.0436283336124672,0.2558000427356099,0.01735959947663906,8,"[0.2558000427356099, 0.18216188562326466, 0.18059417775063685, 0.15958155937289228, 0.1396913529620097, 0.1106020681872221, 0.0689591917660674, 0.019968909493230623, 0.01735959947663906]","[0.8620008522774834, 0.48955897024263967, 0.47195181533237374, 0.45079447707346965, 0.3700429724609179, 0.3051926684426834, 0.1868150289615029, 0.06236746866280061, 0.0436283336124672]"
