Backend,Problem Size,Condition Number,Sparsity,Number of Qubits,Circuit Depth,Total Gates,Two-Qubit Gates,Iteration Runtime,||x_c - x_q|| without IR,||x_c - x_q|| with IR,||Ax - b|| without IR,||Ax - b|| with IR,Total Iterations of IR,Residuals List,Errors List
H1-1E,16 x 16,1.9130613347826917,0.7421875,6,2224,2901,1220,,0.8374359274093739,0.6806436389958975,0.2886277179571745,0.0809541621750878,8,"[0.2886277179571745, 0.23420685539571065, 0.19266915933135842, 0.14180759223769243, 0.13081114470789482, 0.10804439434405279, 0.09430447821740871, 0.08864449776590691, 0.0809541621750878]","[0.8374359274093739, 0.6665849296943155, 0.5531015626495382, 0.5069255319259223, 0.5620794638934773, 0.6239168846219167, 0.6746976365215536, 0.6638294397265649, 0.6806436389958975]"
