Backend,Problem Size,Condition Number,Sparsity,Number of Qubits,Circuit Depth,Total Gates,Two-Qubit Gates,Iteration Runtime,||x_c - x_q|| without IR,||x_c - x_q|| with IR,||Ax - b|| without IR,||Ax - b|| with IR,Total Iterations of IR,Residuals List,Errors List
H1-1E,2 x 2,1.2580645161290318,0.5,9,64,184,63,,0.8935157333839616,4.847420026458307e-05,0.6581871421094168,3.031737025177667e-05,7,"[0.6581871421094168, 0.04925664360468521, 0.0010536276592542665, 0.00014515691856039205, 0.00010895011811516311, 9.149612086119892e-05, 5.7628458766589894e-05, 3.031737025177667e-05]","[0.8935157333839616, 0.07721032182258188, 0.001403213381867645, 0.0002316937645206581, 0.00016861051258890516, 0.00014734925014717905, 8.371383921218628e-05, 4.847420026458307e-05]"
