Backend,Problem Size,Condition Number,Sparsity,Number of Qubits,Circuit Depth,Total Gates,Two-Qubit Gates,Iteration Runtime,||x_c - x_q|| without IR,||x_c - x_q|| with IR,||Ax - b|| without IR,||Ax - b|| with IR,Total Iterations of IR,Residuals List,Errors List
H1-1E,2 x 2,10.992000068130688,0.0,3,24,37,3,,0.39081299326726615,21.529374754259997,1.05705200628781,0.6727440380009406,5,"[1.05705200628781, 0.7579281528200915, 0.6730426246941688, 0.67290436178179, 0.6728272037084732, 0.6727440380009406]","[16.03841602809668, 23.26909978436758, 21.475749528887338, 21.536239022795268, 21.576528780844676, 21.529374754259997]"
