Backend,Problem Size,Condition Number,Sparsity,Number of Qubits,Circuit Depth,Total Gates,Two-Qubit Gates,Iteration Runtime,||x_c - x_q|| without IR,||x_c - x_q|| with IR,||Ax - b|| without IR,||Ax - b|| with IR,Total Iterations of IR,Residuals List,Errors List
H1-1,16 x 16,1.9130613347826917,0.7421875,9,8709,11360,4815,0 days 02:36:57.948280,0.6736828133876583,0.7116276145099649,0.26747334989907157,0.08465587193640174,5,"[0.26747334989907157, 0.19424410974665618, 0.15743475117976752, 0.12799647122429345, 0.10431243461902118, 0.08465587193640174]","[0.6736828133876583, 0.702354341412243, 0.5989044065984805, 0.5923255448263771, 0.6721148001974204, 0.7116276145099649]"
