Backend,Problem Size,Condition Number,Sparsity,Number of Qubits,Circuit Depth,Total Gates,Two-Qubit Gates,Iteration Runtime,||x_c - x_q|| without IR,||x_c - x_q|| with IR,||Ax - b|| without IR,||Ax - b|| with IR,Total Iterations of IR,Residuals List,Errors List
H1-1E,4 x 4,2.0789891692425377,0.5,10,559,888,322,,0.2452289579275985,0.0015984093921699897,0.14151117647943737,0.0005659505676822855,8,"[0.14151117647943737, 0.044920844497800906, 0.0162405587357144, 0.005664415692523889, 0.0033809500371645026, 0.0018590240698361854, 0.0008179679845762167, 0.0006975459097855022, 0.0005659505676822855]","[0.2452289579275985, 0.10797982919874294, 0.029254584159070732, 0.013331462828956078, 0.007742010606011074, 0.004294854440183609, 0.002465289830122864, 0.0021382208062582023, 0.0015984093921699897]"
