Backend,Problem Size,Condition Number,Sparsity,Number of Qubits,Circuit Depth,Total Gates,Two-Qubit Gates,Iteration Runtime,||x_c - x_q|| without IR,||x_c - x_q|| with IR,||Ax - b|| without IR,||Ax - b|| with IR,Total Iterations of IR,Residuals List,Errors List
H1-1E,16 x 16,1.9130613347826917,0.7421875,7,4387,5721,2417,0 days 00:00:30.983658,0.7833033375610337,0.6552764045727211,0.2855897833617216,0.026595689221739865,8,"[0.2855897833617216, 0.18240902902845157, 0.13747860788757435, 0.0922965045824544, 0.06643795524034654, 0.048638346383757025, 0.038432481801264906, 0.030317228566087918, 0.026595689221739865]","[0.7833033375610337, 0.42086027578815655, 0.5188055459798764, 0.5318620407455281, 0.5479888826336367, 0.6639923741455457, 0.6791404216912009, 0.6569923595243224, 0.6552764045727211]"
