Backend,Problem Size,Condition Number,Sparsity,Number of Qubits,Circuit Depth,Total Gates,Two-Qubit Gates,Iteration Runtime,||x_c - x_q|| without IR,||x_c - x_q|| with IR,||Ax - b|| without IR,||Ax - b|| with IR,Total Iterations of IR,Residuals List,Errors List
H1-1E,16 x 16,1.9130613347826917,0.7421875,8,6540,8534,3616,,0.8108624163971007,0.43860968241063575,0.29306474541021604,0.12113726801393151,8,"[0.29306474541021604, 0.22219255525349005, 0.18467610585745525, 0.14068709031233242, 0.13937605827732807, 0.12571304064231775, 0.12221572551985183, 0.12126183103263623, 0.12113726801393151]","[0.8108624163971007, 0.4872680252124538, 0.6037984202997146, 0.4454591508401546, 0.4653709065782118, 0.42354751729667195, 0.42883867646512847, 0.4433506398997137, 0.43860968241063575]"
