Backend,Problem Size,Condition Number,Sparsity,Number of Qubits,Circuit Depth,Total Gates,Two-Qubit Gates,Iteration Runtime,||x_c - x_q|| without IR,||x_c - x_q|| with IR,||Ax - b|| without IR,||Ax - b|| with IR,Total Iterations of IR,Residuals List,Errors List
H1-1E,2 x 2,3.1666666666666665,0.5,3,22,35,3,,0.028369883856693652,1.9796665261593342,0.3792175401974685,3.922763180035048,5,"[0.3792175401974685, 1.5198774141946874, 1.743319351066344, 2.7313275173372342, 2.941871601010265, 3.922763180035048]","[0.028369883856693652, 1.9997987772998456, 0.2743219323416943, 1.9804112434934824, 0.3189815193201999, 1.9796665261593342]"
