Backend,Problem Size,Condition Number,Sparsity,Number of Qubits,Circuit Depth,Total Gates,Two-Qubit Gates,Iteration Runtime,||x_c - x_q|| without IR,||x_c - x_q|| with IR,||Ax - b|| without IR,||Ax - b|| with IR,Total Iterations of IR,Residuals List,Errors List
H1-1E,4 x 4,2.0789891692425377,0.5,4,111,171,48,,1.0237692572563857,0.10194179661081512,0.5043762091485859,0.03306928204677455,8,"[0.5043762091485859, 0.3446626412660629, 0.09882605712483798, 0.049410006447533905, 0.04363091705840787, 0.03901200455985535, 0.0366925662388295, 0.03519455235317031, 0.03306928204677455]","[1.0237692572563857, 0.6547084267748957, 0.2452251935053677, 0.15127939455294626, 0.13271943936817426, 0.11968544849348343, 0.11384596906363448, 0.1091917172280845, 0.10194179661081512]"
