Backend,Problem Size,Condition Number,Sparsity,Number of Qubits,Circuit Depth,Total Gates,Two-Qubit Gates,Iteration Runtime,||x_c - x_q|| without IR,||x_c - x_q|| with IR,||Ax - b|| without IR,||Ax - b|| with IR,Total Iterations of IR,Residuals List,Errors List
H1-1E,4 x 4,2.0789891692425377,0.5,9,476,752,268,,0.23243719137317717,0.01709421569274694,0.13381319857699486,0.006175820528406021,8,"[0.13381319857699486, 0.06508309365794997, 0.0279311496535388, 0.014370900258522806, 0.012992122308937487, 0.010598038066244752, 0.008948210307410082, 0.008039326613355236, 0.006175820528406021]","[0.23243719137317717, 0.12354819178046969, 0.06221537541611542, 0.04017563949882408, 0.03720464500805663, 0.03244775338524064, 0.02706234966916553, 0.024749213100160927, 0.01709421569274694]"
