Backend,Problem Size,Condition Number,Sparsity,Number of Qubits,Circuit Depth,Total Gates,Two-Qubit Gates,Iteration Runtime,||x_c - x_q|| without IR,||x_c - x_q|| with IR,||Ax - b|| without IR,||Ax - b|| with IR,Total Iterations of IR,Residuals List,Errors List
H1-1E,2 x 2,1.2580645161290318,0.5,4,29,55,8,,0.8731078455846504,0.0001283257420906374,0.6177550387597216,8.58234210110828e-05,7,"[0.6177550387597216, 0.11810484024843196, 0.07744628054666915, 0.037661404874412344, 0.008984096599598949, 0.0060052696487431926, 0.00019465626906481733, 8.58234210110828e-05]","[0.8731078455846504, 0.18342066746019456, 0.12146699098468358, 0.05628652555857839, 0.013445972643301905, 0.0096304103075016, 0.00025268558900185163, 0.0001283257420906374]"
