Backend,Problem Size,Condition Number,Sparsity,Number of Qubits,Circuit Depth,Total Gates,Two-Qubit Gates,Iteration Runtime,||x_c - x_q|| without IR,||x_c - x_q|| with IR,||Ax - b|| without IR,||Ax - b|| with IR,Total Iterations of IR,Residuals List,Errors List
H1-1E,2 x 2,1.872340425531915,0.5,3,23,36,3,,0.040149040406756466,0.016207540036487465,0.3857823217480387,0.005252426682033589,5,"[0.3857823217480387, 0.07278510073176375, 0.0431201784953499, 0.02318073171061653, 0.008141345351041775, 0.005252426682033589]","[0.040149040406756466, 0.2774296396454478, 0.1227742199123819, 0.08368184437520776, 0.004549996827096168, 0.016207540036487465]"
