Backend,Problem Size,Condition Number,Sparsity,Number of Qubits,Circuit Depth,Total Gates,Two-Qubit Gates,Iteration Runtime,||x_c - x_q|| without IR,||x_c - x_q|| with IR,||Ax - b|| without IR,||Ax - b|| with IR,Total Iterations of IR,Residuals List,Errors List
H1-1E,2 x 2,1.2580645161290318,0.5,8,57,155,48,,0.9006669879322712,6.455959464746637e-06,0.6706907977158899,4.366393800221829e-06,5,"[0.6706907977158899, 0.04642994001668519, 0.0002754098736138688, 0.00020088137300644716, 1.1589001149714782e-05, 4.366393800221829e-06]","[0.9006669879322712, 0.07323577354580049, 0.0003646936996893201, 0.0002690909936126184, 1.798481356124781e-05, 6.455959464746637e-06]"
