Backend,Problem Size,Condition Number,Sparsity,Number of Qubits,Circuit Depth,Total Gates,Two-Qubit Gates,Iteration Runtime,||x_c - x_q|| without IR,||x_c - x_q|| with IR,||Ax - b|| without IR,||Ax - b|| with IR,Total Iterations of IR,Residuals List,Errors List
H1-1E,4 x 4,2.0789891692425377,0.5,8,397,621,217,,0.25878250000319963,0.000462386161077465,0.15159382852850903,0.000259895368713145,8,"[0.15159382852850903, 0.04521324111010656, 0.040351949316866684, 0.016447422645735597, 0.0056237444012194856, 0.0031014696990628223, 0.0024104944369952807, 0.0009912312663633593, 0.000259895368713145]","[0.25878250000319963, 0.11465740445621049, 0.09317899687072259, 0.04410128458571448, 0.012775837133002949, 0.008403818390396238, 0.00554338175266343, 0.0025645676059001627, 0.000462386161077465]"
