Backend,Problem Size,Condition Number,Sparsity,Number of Qubits,Circuit Depth,Total Gates,Two-Qubit Gates,Iteration Runtime,||x_c - x_q|| without IR,||x_c - x_q|| with IR,||Ax - b|| without IR,||Ax - b|| with IR,Total Iterations of IR,Residuals List,Errors List
H1-1E,8 x 8,2.0068165236628475,0.71875,7,1287,1748,718,0 days 00:00:31.932053,0.8910354496305375,0.08160094308094669,0.24861758640466444,0.02720244304951202,8,"[0.24861758640466444, 0.18452787589951214, 0.1445803071148996, 0.14131929680521307, 0.13262935435840484, 0.06623729175329841, 0.02973411176564444, 0.027934574756575847, 0.02720244304951202]","[0.8910354496305375, 0.5640813350699325, 0.41201503323588917, 0.38304868468707204, 0.33934463062300224, 0.20898624034518842, 0.09174050206362254, 0.08484572556937485, 0.08160094308094669]"
