Backend,Problem Size,Condition Number,Sparsity,Number of Qubits,Circuit Depth,Total Gates,Two-Qubit Gates,Iteration Runtime,||x_c - x_q|| without IR,||x_c - x_q|| with IR,||Ax - b|| without IR,||Ax - b|| with IR,Total Iterations of IR,Residuals List,Errors List
H1-1E,2 x 2,10.992000068130688,0.0,3,24,37,3,,0.40189078004980194,21.432738465178115,1.060395663703038,0.6689514939696267,5,"[1.060395663703038, 0.7765008634221071, 0.6696665341993705, 0.6690357275553874, 0.668952422694085, 0.6689514939696267]","[16.04305765929419, 23.648111675663383, 21.25940028483935, 21.393815366287715, 21.437402177693713, 21.432738465178115]"
