Backend,Problem Size,Condition Number,Sparsity,Number of Qubits,Circuit Depth,Total Gates,Two-Qubit Gates,Iteration Runtime,||x_c - x_q|| without IR,||x_c - x_q|| with IR,||Ax - b|| without IR,||Ax - b|| with IR,Total Iterations of IR,Residuals List,Errors List
H1-1E,2 x 2,5.9960708834101535,0.5,3,22,35,3,,0.021469276444203468,1.8853332760726378,0.03686396365177034,4.332989951498674,5,"[0.03686396365177034, 0.6731644906067992, 0.73451560192106, 2.3593277686118563, 2.5321536058357714, 4.332989951498674]","[0.021469276444203468, 0.7415707752784411, 1.1732182386422139, 1.6326776250959332, 0.667471675903341, 1.8853332760726378]"
