Backend,Problem Size,Condition Number,Sparsity,Number of Qubits,Circuit Depth,Total Gates,Two-Qubit Gates,Iteration Runtime,||x_c - x_q|| without IR,||x_c - x_q|| with IR,||Ax - b|| without IR,||Ax - b|| with IR,Total Iterations of IR,Residuals List,Errors List
H1-1E,4 x 4,2.0789891692425377,0.5,7,332,518,176,,0.2968985900405594,0.03794580370284378,0.17816884285900375,0.012274329499285563,8,"[0.17816884285900375, 0.08178410102774028, 0.053027839096439544, 0.04390368260199662, 0.032785499912596, 0.027073044878354536, 0.019591943324356258, 0.014376401556224038, 0.012274329499285563]","[0.2968985900405594, 0.2206543263365878, 0.16204768419788665, 0.13160841211227356, 0.09709518963556697, 0.07745948673755661, 0.058346060013521855, 0.04232861341163247, 0.03794580370284378]"
