Backend,Problem Size,Condition Number,Sparsity,Number of Qubits,Circuit Depth,Total Gates,Two-Qubit Gates,Iteration Runtime,||x_c - x_q|| without IR,||x_c - x_q|| with IR,||Ax - b|| without IR,||Ax - b|| with IR,Total Iterations of IR,Residuals List,Errors List
H1-1E,2 x 2,1.2580645161290318,0.5,3,22,35,3,,0.7850555777594082,0.011277871193229611,0.6621116265310987,0.008668306171059804,5,"[0.6621116265310987, 0.291041333269425, 0.06658000482084686, 0.010900058466926817, 0.009634067622704284, 0.008668306171059804]","[0.8957117656313471, 0.4118562622810391, 0.10392671232414608, 0.014247948058830036, 0.01252656152151191, 0.011277871193229611]"
