Backend,Problem Size,Condition Number,Sparsity,Number of Qubits,Circuit Depth,Total Gates,Two-Qubit Gates,Iteration Runtime,||x_c - x_q|| without IR,||x_c - x_q|| with IR,||Ax - b|| without IR,||Ax - b|| with IR,Total Iterations of IR,Residuals List,Errors List
H1-1E,4 x 4,2.0789891692425377,0.5,5,192,295,91,,0.5982753996541373,4.978140422729872e-05,0.3325455163930009,1.7644925921380213e-05,8,"[0.3325455163930009, 0.11504098531215953, 0.022494301695066894, 0.011062461315298974, 0.0031926528603907706, 0.0003601917928823459, 0.00010314641919409044, 4.033853520014568e-05, 1.7644925921380213e-05]","[0.5982753996541373, 0.2241990999912734, 0.055062057815199524, 0.023819262248186923, 0.006011036575763508, 0.0009188606332309739, 0.00028199948067154245, 0.00011715793056445088, 4.978140422729872e-05]"
