Backend,Problem Size,Condition Number,Sparsity,Number of Qubits,Circuit Depth,Total Gates,Two-Qubit Gates,Iteration Runtime,||x_c - x_q|| without IR,||x_c - x_q|| with IR,||Ax - b|| without IR,||Ax - b|| with IR,Total Iterations of IR,Residuals List,Errors List
H1-1E,2 x 2,3.1666666666666665,0.5,3,22,35,3,,0.0412954921361362,0.07944645949163395,0.37248325091771084,0.015521839959638208,5,"[0.37248325091771084, 0.02459264060701604, 0.023373150934255894, 0.02198967046772238, 0.017486247083340612, 0.015521839959638208]","[0.0412954921361362, 0.12389816897379881, 0.11014943652203363, 0.11209411657610187, 0.07139080509762573, 0.07944645949163395]"
