Backend,Problem Size,Condition Number,Sparsity,Number of Qubits,Circuit Depth,Total Gates,Two-Qubit Gates,Iteration Runtime,||x_c - x_q|| without IR,||x_c - x_q|| with IR,||Ax - b|| without IR,||Ax - b|| with IR,Total Iterations of IR,Residuals List,Errors List
H1-1E,2 x 2,3.1666666666666665,0.5,3,22,35,3,,0.015825889823563692,0.056592074301403575,0.4017415797824479,0.017108292995815656,5,"[0.4017415797824479, 0.04561458337713989, 0.03426805060546494, 0.028398017614006222, 0.021332847064699133, 0.017108292995815656]","[0.5085015680274022, 0.1443310172746293, 0.10680732751017752, 0.0927708602743032, 0.0630263784135241, 0.056592074301403575]"
