Backend,Problem Size,Condition Number,Sparsity,Number of Qubits,Circuit Depth,Total Gates,Two-Qubit Gates,Iteration Runtime,||x_c - x_q|| without IR,||x_c - x_q|| with IR,||Ax - b|| without IR,||Ax - b|| with IR,Total Iterations of IR,Residuals List,Errors List
H1-1E,2 x 2,3.1666666666666665,0.5,3,22,35,3,,0.00884765849086891,0.019650361601979083,0.3892675490949125,0.006147454434115901,5,"[0.3892675490949125, 0.018006777394434476, 0.01285425751156358, 0.010175853377593273, 0.008329508927400548, 0.006147454434115901]","[0.5084183304668223, 0.057720876451838106, 0.03847063937053177, 0.03345473840874311, 0.025426545889788613, 0.019650361601979083]"
