Backend,Problem Size,Condition Number,Sparsity,Number of Qubits,Circuit Depth,Total Gates,Two-Qubit Gates,Iteration Runtime,||x_c - x_q|| without IR,||x_c - x_q|| with IR,||Ax - b|| without IR,||Ax - b|| with IR,Total Iterations of IR,Residuals List,Errors List
H1-1E,8 x 8,2.0068165236628475,0.71875,11,2998,4108,1700,0 days 00:00:30.110560,0.8845570189479888,0.031777420704819294,0.2541649931320263,0.011809549868840053,8,"[0.2541649931320263, 0.17521124822982262, 0.16841623772424422, 0.15365333929434769, 0.09763717049360174, 0.07012726316498999, 0.027945279258840203, 0.01526015914113832, 0.011809549868840053]","[0.8845570189479888, 0.479568037024324, 0.43071160734875036, 0.42224452604519797, 0.27701175916299176, 0.2058554687701001, 0.08208225246415651, 0.0376853536256452, 0.031777420704819294]"
