Backend,Problem Size,Condition Number,Sparsity,Number of Qubits,Circuit Depth,Total Gates,Two-Qubit Gates,Iteration Runtime,||x_c - x_q|| without IR,||x_c - x_q|| with IR,||Ax - b|| without IR,||Ax - b|| with IR,Total Iterations of IR,Residuals List,Errors List
H1-1E,4 x 4,2.0789891692425377,0.5,6,272,418,136,,0.3451024215768733,0.022119943309121176,0.20724222390771058,0.007079429458962386,8,"[0.20724222390771058, 0.07154805574741199, 0.034038376892435454, 0.020631964445778576, 0.010906264730712076, 0.007313134815709842, 0.007086314968401052, 0.007086314968401052, 0.007079429458962386]","[0.3451024215768733, 0.20256834134662813, 0.0928103233073775, 0.04739813217550238, 0.02932165054565286, 0.022304103183474942, 0.022126808342266147, 0.022126808342266147, 0.022119943309121176]"
