Backend,Problem Size,Condition Number,Sparsity,Number of Qubits,Circuit Depth,Total Gates,Two-Qubit Gates,Iteration Runtime,||x_c - x_q|| without IR,||x_c - x_q|| with IR,||Ax - b|| without IR,||Ax - b|| with IR,Total Iterations of IR,Residuals List,Errors List
H1-1E,2 x 2,1.2580645161290318,0.5,3,22,35,3,,0.8831472294735021,6.270681321749696e-05,0.6385827223988745,4.814297409023027e-05,7,"[0.6385827223988745, 0.13158069488102034, 0.07721936712967342, 0.004903542122689489, 0.002291071950658743, 0.00010460188711246798, 5.098144524001987e-05, 4.814297409023027e-05]","[0.8831472294735021, 0.1925342591325322, 0.09955047260428006, 0.007900685898178815, 0.0031706285217170025, 0.00015828014229497453, 6.554315426071792e-05, 6.270681321749696e-05]"
