Backend,Problem Size,Condition Number,Sparsity,Number of Qubits,Circuit Depth,Total Gates,Two-Qubit Gates,Iteration Runtime,||x_c - x_q|| without IR,||x_c - x_q|| with IR,||Ax - b|| without IR,||Ax - b|| with IR,Total Iterations of IR,Residuals List,Errors List
H1-1E,8 x 8,2.0068165236628475,0.71875,9,2136,2918,1202,0 days 00:00:31.338526,0.8816864273914139,0.07672149857969153,0.2474884813092116,0.02749529271193586,8,"[0.2474884813092116, 0.1524604408341383, 0.13798655387885084, 0.12171060764941999, 0.08669953030499451, 0.06953213177630656, 0.033369571125732696, 0.028775534715772592, 0.02749529271193586]","[0.8816864273914139, 0.41597631056916756, 0.355258359968266, 0.3394527493519087, 0.25601766627735445, 0.18973453201219223, 0.0981423713882428, 0.08128003585032174, 0.07672149857969153]"
