Backend,Problem Size,Condition Number,Sparsity,Number of Qubits,Circuit Depth,Total Gates,Two-Qubit Gates,Iteration Runtime,||x_c - x_q|| without IR,||x_c - x_q|| with IR,||Ax - b|| without IR,||Ax - b|| with IR,Total Iterations of IR,Residuals List,Errors List
H1-1E,16 x 16,2.3120616251502724,0.7734375,9,8690,11349,4815,0 days 00:00:43.744484,0.9511691175017722,0.14985797723594926,0.2156341384480029,0.026182635988989917,10,"[0.2156341384480029, 0.14730789650310053, 0.08071581610745564, 0.056813332298903, 0.04362533709281377, 0.03862672126256877, 0.034636867233973447, 0.03312470667616856, 0.03023135573346783, 0.028268831749310483, 0.026182635988989917]","[0.9511691175017722, 0.688520358194039, 0.38196611237079064, 0.29880359531105416, 0.24232980023257195, 0.2208639111009472, 0.19845458241280356, 0.18541219710214085, 0.17284973378899224, 0.15932273144131603, 0.14985797723594926]"
