{
  "problem_name": "problem_16x16_0.1_5_1",
  "size": 16,
  "sparsity": 0.1,
  "condition_number": 5,
  "instance_num": 1,
  "seed": 3743215980,
  "actual_condition_number": 5.0000000000000036,
  "actual_sparsity": 0.0,
  "generation_timestamp": "2025-09-29T20:21:03.713292"
}