{
  "problem_name": "problem_4x4_0.7_20_4",
  "size": 4,
  "sparsity": 0.7,
  "condition_number": 20,
  "instance_num": 4,
  "seed": 988732592,
  "actual_condition_number": 19.999999999999943,
  "actual_sparsity": 0.0,
  "generation_timestamp": "2025-09-29T20:21:03.711376"
}