{
  "problem_name": "problem_2x2_0.1_5_1",
  "size": 2,
  "sparsity": 0.1,
  "condition_number": 5,
  "instance_num": 1,
  "seed": 2468352589,
  "actual_condition_number": 5.000000000000001,
  "actual_sparsity": 0.0,
  "generation_timestamp": "2025-09-29T20:21:03.709249"
}