{
  "problem_name": "problem_8x8_0.1_5_1",
  "size": 8,
  "sparsity": 0.1,
  "condition_number": 5,
  "instance_num": 1,
  "seed": 3391641677,
  "actual_condition_number": 4.999999999999992,
  "actual_sparsity": 0.0,
  "generation_timestamp": "2025-09-29T20:21:03.711867"
}