{
  "problem_name": "problem_8x8_0.3_10_2",
  "size": 8,
  "sparsity": 0.3,
  "condition_number": 10,
  "instance_num": 2,
  "seed": 2491332532,
  "actual_condition_number": 9.999999999999995,
  "actual_sparsity": 0.0,
  "generation_timestamp": "2025-09-29T20:21:03.712129"
}