{
  "problem_name": "problem_8x8_0.7_20_4",
  "size": 8,
  "sparsity": 0.7,
  "condition_number": 20,
  "instance_num": 4,
  "seed": 1877050863,
  "actual_condition_number": 20.000000000000032,
  "actual_sparsity": 0.0,
  "generation_timestamp": "2025-09-29T20:21:03.712623"
}