{
  "problem_name": "problem_8x8_0.5_15_3",
  "size": 8,
  "sparsity": 0.5,
  "condition_number": 15,
  "instance_num": 3,
  "seed": 1080300432,
  "actual_condition_number": 14.999999999999995,
  "actual_sparsity": 0.0,
  "generation_timestamp": "2025-09-29T20:21:03.712385"
}