{
  "problem_name": "problem_16x16_0.9_25_5",
  "size": 16,
  "sparsity": 0.9,
  "condition_number": 25,
  "instance_num": 5,
  "seed": 780760029,
  "actual_condition_number": 24.999999999999996,
  "actual_sparsity": 0.0,
  "generation_timestamp": "2025-09-29T20:21:03.715095"
}