{
  "problem_name": "problem_16x16_0.7_20_4",
  "size": 16,
  "sparsity": 0.7,
  "condition_number": 20,
  "instance_num": 4,
  "seed": 1909218328,
  "actual_condition_number": 19.99999999999996,
  "actual_sparsity": 0.0,
  "generation_timestamp": "2025-09-29T20:21:03.714563"
}