{
  "problem_name": "problem_4x4_0.5_15_3",
  "size": 4,
  "sparsity": 0.5,
  "condition_number": 15,
  "instance_num": 3,
  "seed": 3419272361,
  "actual_condition_number": 14.999999999999993,
  "actual_sparsity": 0.0,
  "generation_timestamp": "2025-09-29T20:21:03.711163"
}