{
  "problem_name": "problem_2x2_0.3_10_2",
  "size": 2,
  "sparsity": 0.3,
  "condition_number": 10,
  "instance_num": 2,
  "seed": 1148451097,
  "actual_condition_number": 9.999999999999998,
  "actual_sparsity": 0.0,
  "generation_timestamp": "2025-09-29T20:21:03.709634"
}