{
  "problem_name": "problem_2x2_0.7_20_4",
  "size": 2,
  "sparsity": 0.7,
  "condition_number": 20,
  "instance_num": 4,
  "seed": 2392351926,
  "actual_condition_number": 19.999999999999996,
  "actual_sparsity": 0.5,
  "generation_timestamp": "2025-09-29T20:21:03.710104"
}